"dropped","edge","from","to","weight","P"
"P01","PIJN__to__PIJN","PIJN","PIJN",0.361,0
"P01","PIJN__to__MOE","PIJN","MOE",0.06,0.242
"P01","PIJN__to__STRESS","PIJN","STRESS",0.028,0.612
"P01","PIJN__to__ENMO_log","PIJN","ENMO_log",0.01,0.835
"P01","MOE__to__PIJN","MOE","PIJN",0.023,0.611
"P01","MOE__to__MOE","MOE","MOE",0.304,0
"P01","MOE__to__STRESS","MOE","STRESS",-0.071,0.084
"P01","MOE__to__ENMO_log","MOE","ENMO_log",-0.076,0.125
"P01","STRESS__to__PIJN","STRESS","PIJN",0.069,0.054
"P01","STRESS__to__MOE","STRESS","MOE",0.048,0.14
"P01","STRESS__to__STRESS","STRESS","STRESS",0.333,0
"P01","STRESS__to__ENMO_log","STRESS","ENMO_log",0.067,0.183
"P01","ENMO_log__to__PIJN","ENMO_log","PIJN",-0.069,0.202
"P01","ENMO_log__to__MOE","ENMO_log","MOE",-0.138,0.013
"P01","ENMO_log__to__STRESS","ENMO_log","STRESS",0.027,0.385
"P01","ENMO_log__to__ENMO_log","ENMO_log","ENMO_log",0.199,0
"P02","PIJN__to__PIJN","PIJN","PIJN",0.371,0
"P02","PIJN__to__MOE","PIJN","MOE",0.073,0.143
"P02","PIJN__to__STRESS","PIJN","STRESS",0.047,0.399
"P02","PIJN__to__ENMO_log","PIJN","ENMO_log",-0.007,0.882
"P02","MOE__to__PIJN","MOE","PIJN",0.018,0.682
"P02","MOE__to__MOE","MOE","MOE",0.288,0
"P02","MOE__to__STRESS","MOE","STRESS",-0.075,0.068
"P02","MOE__to__ENMO_log","MOE","ENMO_log",-0.056,0.266
"P02","STRESS__to__PIJN","STRESS","PIJN",0.078,0.03
"P02","STRESS__to__MOE","STRESS","MOE",0.05,0.12
"P02","STRESS__to__STRESS","STRESS","STRESS",0.329,0
"P02","STRESS__to__ENMO_log","STRESS","ENMO_log",0.065,0.177
"P02","ENMO_log__to__PIJN","ENMO_log","PIJN",-0.069,0.19
"P02","ENMO_log__to__MOE","ENMO_log","MOE",-0.143,0.007
"P02","ENMO_log__to__STRESS","ENMO_log","STRESS",0.027,0.378
"P02","ENMO_log__to__ENMO_log","ENMO_log","ENMO_log",0.164,0.003
"P03","PIJN__to__PIJN","PIJN","PIJN",0.378,0
"P03","PIJN__to__MOE","PIJN","MOE",0.075,0.144
"P03","PIJN__to__STRESS","PIJN","STRESS",0.036,0.53
"P03","PIJN__to__ENMO_log","PIJN","ENMO_log",0.014,0.793
"P03","MOE__to__PIJN","MOE","PIJN",-0.002,0.968
"P03","MOE__to__MOE","MOE","MOE",0.271,0
"P03","MOE__to__STRESS","MOE","STRESS",-0.082,0.051
"P03","MOE__to__ENMO_log","MOE","ENMO_log",-0.072,0.171
"P03","STRESS__to__PIJN","STRESS","PIJN",0.077,0.037
"P03","STRESS__to__MOE","STRESS","MOE",0.053,0.11
"P03","STRESS__to__STRESS","STRESS","STRESS",0.318,0
"P03","STRESS__to__ENMO_log","STRESS","ENMO_log",0.074,0.143
"P03","ENMO_log__to__PIJN","ENMO_log","PIJN",-0.058,0.274
"P03","ENMO_log__to__MOE","ENMO_log","MOE",-0.13,0.017
"P03","ENMO_log__to__STRESS","ENMO_log","STRESS",0.026,0.395
"P03","ENMO_log__to__ENMO_log","ENMO_log","ENMO_log",0.171,0.002
"P04","PIJN__to__PIJN","PIJN","PIJN",0.368,0
"P04","PIJN__to__MOE","PIJN","MOE",0.073,0.14
"P04","PIJN__to__STRESS","PIJN","STRESS",0.029,0.597
"P04","PIJN__to__ENMO_log","PIJN","ENMO_log",-0.022,0.658
"P04","MOE__to__PIJN","MOE","PIJN",0.007,0.883
"P04","MOE__to__MOE","MOE","MOE",0.282,0
"P04","MOE__to__STRESS","MOE","STRESS",-0.071,0.084
"P04","MOE__to__ENMO_log","MOE","ENMO_log",-0.023,0.644
"P04","STRESS__to__PIJN","STRESS","PIJN",0.086,0.029
"P04","STRESS__to__MOE","STRESS","MOE",0.061,0.076
"P04","STRESS__to__STRESS","STRESS","STRESS",0.352,0
"P04","STRESS__to__ENMO_log","STRESS","ENMO_log",0.061,0.237
"P04","ENMO_log__to__PIJN","ENMO_log","PIJN",-0.058,0.288
"P04","ENMO_log__to__MOE","ENMO_log","MOE",-0.129,0.018
"P04","ENMO_log__to__STRESS","ENMO_log","STRESS",0.03,0.306
"P04","ENMO_log__to__ENMO_log","ENMO_log","ENMO_log",0.163,0.004
"P05","PIJN__to__PIJN","PIJN","PIJN",0.373,0
"P05","PIJN__to__MOE","PIJN","MOE",0.073,0.145
"P05","PIJN__to__STRESS","PIJN","STRESS",0.037,0.505
"P05","PIJN__to__ENMO_log","PIJN","ENMO_log",0.001,0.988
"P05","MOE__to__PIJN","MOE","PIJN",0.021,0.634
"P05","MOE__to__MOE","MOE","MOE",0.293,0
"P05","MOE__to__STRESS","MOE","STRESS",-0.067,0.088
"P05","MOE__to__ENMO_log","MOE","ENMO_log",-0.062,0.224
"P05","STRESS__to__PIJN","STRESS","PIJN",0.075,0.042
"P05","STRESS__to__MOE","STRESS","MOE",0.051,0.121
"P05","STRESS__to__STRESS","STRESS","STRESS",0.337,0
"P05","STRESS__to__ENMO_log","STRESS","ENMO_log",0.063,0.216
"P05","ENMO_log__to__PIJN","ENMO_log","PIJN",-0.043,0.412
"P05","ENMO_log__to__MOE","ENMO_log","MOE",-0.118,0.026
"P05","ENMO_log__to__STRESS","ENMO_log","STRESS",0.024,0.43
"P05","ENMO_log__to__ENMO_log","ENMO_log","ENMO_log",0.168,0.003
"P06","PIJN__to__PIJN","PIJN","PIJN",0.362,0
"P06","PIJN__to__MOE","PIJN","MOE",0.055,0.268
"P06","PIJN__to__STRESS","PIJN","STRESS",0.027,0.632
"P06","PIJN__to__ENMO_log","PIJN","ENMO_log",-0.008,0.871
"P06","MOE__to__PIJN","MOE","PIJN",0.013,0.769
"P06","MOE__to__MOE","MOE","MOE",0.289,0
"P06","MOE__to__STRESS","MOE","STRESS",-0.071,0.086
"P06","MOE__to__ENMO_log","MOE","ENMO_log",-0.038,0.44
"P06","STRESS__to__PIJN","STRESS","PIJN",0.084,0.026
"P06","STRESS__to__MOE","STRESS","MOE",0.051,0.129
"P06","STRESS__to__STRESS","STRESS","STRESS",0.336,0
"P06","STRESS__to__ENMO_log","STRESS","ENMO_log",0.039,0.407
"P06","ENMO_log__to__PIJN","ENMO_log","PIJN",-0.065,0.236
"P06","ENMO_log__to__MOE","ENMO_log","MOE",-0.143,0.009
"P06","ENMO_log__to__STRESS","ENMO_log","STRESS",0.028,0.369
"P06","ENMO_log__to__ENMO_log","ENMO_log","ENMO_log",0.164,0.004
"P07","PIJN__to__PIJN","PIJN","PIJN",0.366,0
"P07","PIJN__to__MOE","PIJN","MOE",0.06,0.226
"P07","PIJN__to__STRESS","PIJN","STRESS",0.035,0.521
"P07","PIJN__to__ENMO_log","PIJN","ENMO_log",-0.003,0.96
"P07","MOE__to__PIJN","MOE","PIJN",0.014,0.76
"P07","MOE__to__MOE","MOE","MOE",0.289,0
"P07","MOE__to__STRESS","MOE","STRESS",-0.071,0.076
"P07","MOE__to__ENMO_log","MOE","ENMO_log",-0.065,0.193
"P07","STRESS__to__PIJN","STRESS","PIJN",0.082,0.027
"P07","STRESS__to__MOE","STRESS","MOE",0.058,0.078
"P07","STRESS__to__STRESS","STRESS","STRESS",0.333,0
"P07","STRESS__to__ENMO_log","STRESS","ENMO_log",0.069,0.161
"P07","ENMO_log__to__PIJN","ENMO_log","PIJN",-0.066,0.222
"P07","ENMO_log__to__MOE","ENMO_log","MOE",-0.13,0.018
"P07","ENMO_log__to__STRESS","ENMO_log","STRESS",0.028,0.345
"P07","ENMO_log__to__ENMO_log","ENMO_log","ENMO_log",0.155,0.006
"P08","PIJN__to__PIJN","PIJN","PIJN",0.358,0
"P08","PIJN__to__MOE","PIJN","MOE",0.068,0.178
"P08","PIJN__to__STRESS","PIJN","STRESS",0.019,0.729
"P08","PIJN__to__ENMO_log","PIJN","ENMO_log",-0.003,0.957
"P08","MOE__to__PIJN","MOE","PIJN",0.02,0.649
"P08","MOE__to__MOE","MOE","MOE",0.283,0
"P08","MOE__to__STRESS","MOE","STRESS",-0.06,0.126
"P08","MOE__to__ENMO_log","MOE","ENMO_log",-0.059,0.228
"P08","STRESS__to__PIJN","STRESS","PIJN",0.071,0.049
"P08","STRESS__to__MOE","STRESS","MOE",0.054,0.104
"P08","STRESS__to__STRESS","STRESS","STRESS",0.32,0
"P08","STRESS__to__ENMO_log","STRESS","ENMO_log",0.07,0.16
"P08","ENMO_log__to__PIJN","ENMO_log","PIJN",-0.048,0.375
"P08","ENMO_log__to__MOE","ENMO_log","MOE",-0.128,0.021
"P08","ENMO_log__to__STRESS","ENMO_log","STRESS",0.033,0.26
"P08","ENMO_log__to__ENMO_log","ENMO_log","ENMO_log",0.165,0.003
"P09","PIJN__to__PIJN","PIJN","PIJN",0.38,0
"P09","PIJN__to__MOE","PIJN","MOE",0.072,0.156
"P09","PIJN__to__STRESS","PIJN","STRESS",0.048,0.371
"P09","PIJN__to__ENMO_log","PIJN","ENMO_log",0,0.995
"P09","MOE__to__PIJN","MOE","PIJN",0.009,0.842
"P09","MOE__to__MOE","MOE","MOE",0.279,0
"P09","MOE__to__STRESS","MOE","STRESS",-0.078,0.056
"P09","MOE__to__ENMO_log","MOE","ENMO_log",-0.073,0.147
"P09","STRESS__to__PIJN","STRESS","PIJN",0.081,0.03
"P09","STRESS__to__MOE","STRESS","MOE",0.046,0.158
"P09","STRESS__to__STRESS","STRESS","STRESS",0.331,0
"P09","STRESS__to__ENMO_log","STRESS","ENMO_log",0.052,0.288
"P09","ENMO_log__to__PIJN","ENMO_log","PIJN",-0.075,0.14
"P09","ENMO_log__to__MOE","ENMO_log","MOE",-0.149,0.004
"P09","ENMO_log__to__STRESS","ENMO_log","STRESS",0.022,0.465
"P09","ENMO_log__to__ENMO_log","ENMO_log","ENMO_log",0.165,0.003
"P10","PIJN__to__PIJN","PIJN","PIJN",0.365,0
"P10","PIJN__to__MOE","PIJN","MOE",0.068,0.177
"P10","PIJN__to__STRESS","PIJN","STRESS",0.032,0.576
"P10","PIJN__to__ENMO_log","PIJN","ENMO_log",-0.008,0.881
"P10","MOE__to__PIJN","MOE","PIJN",0.014,0.754
"P10","MOE__to__MOE","MOE","MOE",0.285,0
"P10","MOE__to__STRESS","MOE","STRESS",-0.075,0.066
"P10","MOE__to__ENMO_log","MOE","ENMO_log",-0.058,0.247
"P10","STRESS__to__PIJN","STRESS","PIJN",0.077,0.031
"P10","STRESS__to__MOE","STRESS","MOE",0.052,0.104
"P10","STRESS__to__STRESS","STRESS","STRESS",0.335,0
"P10","STRESS__to__ENMO_log","STRESS","ENMO_log",0.064,0.187
"P10","ENMO_log__to__PIJN","ENMO_log","PIJN",-0.054,0.316
"P10","ENMO_log__to__MOE","ENMO_log","MOE",-0.131,0.017
"P10","ENMO_log__to__STRESS","ENMO_log","STRESS",0.027,0.374
"P10","ENMO_log__to__ENMO_log","ENMO_log","ENMO_log",0.165,0.003
"P11","PIJN__to__PIJN","PIJN","PIJN",0.363,0
"P11","PIJN__to__MOE","PIJN","MOE",0.064,0.196
"P11","PIJN__to__STRESS","PIJN","STRESS",0.031,0.58
"P11","PIJN__to__ENMO_log","PIJN","ENMO_log",-0.008,0.875
"P11","MOE__to__PIJN","MOE","PIJN",0.013,0.774
"P11","MOE__to__MOE","MOE","MOE",0.285,0
"P11","MOE__to__STRESS","MOE","STRESS",-0.074,0.065
"P11","MOE__to__ENMO_log","MOE","ENMO_log",-0.059,0.24
"P11","STRESS__to__PIJN","STRESS","PIJN",0.083,0.023
"P11","STRESS__to__MOE","STRESS","MOE",0.054,0.094
"P11","STRESS__to__STRESS","STRESS","STRESS",0.337,0
"P11","STRESS__to__ENMO_log","STRESS","ENMO_log",0.062,0.202
"P11","ENMO_log__to__PIJN","ENMO_log","PIJN",-0.058,0.288
"P11","ENMO_log__to__MOE","ENMO_log","MOE",-0.134,0.014
"P11","ENMO_log__to__STRESS","ENMO_log","STRESS",0.034,0.259
"P11","ENMO_log__to__ENMO_log","ENMO_log","ENMO_log",0.167,0.003
"P12","PIJN__to__PIJN","PIJN","PIJN",0.366,0
"P12","PIJN__to__MOE","PIJN","MOE",0.066,0.191
"P12","PIJN__to__STRESS","PIJN","STRESS",0.035,0.521
"P12","PIJN__to__ENMO_log","PIJN","ENMO_log",-0.01,0.83
"P12","MOE__to__PIJN","MOE","PIJN",0.014,0.766
"P12","MOE__to__MOE","MOE","MOE",0.289,0
"P12","MOE__to__STRESS","MOE","STRESS",-0.066,0.089
"P12","MOE__to__ENMO_log","MOE","ENMO_log",-0.058,0.237
"P12","STRESS__to__PIJN","STRESS","PIJN",0.085,0.028
"P12","STRESS__to__MOE","STRESS","MOE",0.051,0.129
"P12","STRESS__to__STRESS","STRESS","STRESS",0.339,0
"P12","STRESS__to__ENMO_log","STRESS","ENMO_log",0.073,0.148
"P12","ENMO_log__to__PIJN","ENMO_log","PIJN",-0.072,0.185
"P12","ENMO_log__to__MOE","ENMO_log","MOE",-0.148,0.006
"P12","ENMO_log__to__STRESS","ENMO_log","STRESS",0.029,0.328
"P12","ENMO_log__to__ENMO_log","ENMO_log","ENMO_log",0.148,0.007
"P13","PIJN__to__PIJN","PIJN","PIJN",0.365,0
"P13","PIJN__to__MOE","PIJN","MOE",0.086,0.078
"P13","PIJN__to__STRESS","PIJN","STRESS",0.039,0.492
"P13","PIJN__to__ENMO_log","PIJN","ENMO_log",-0.002,0.97
"P13","MOE__to__PIJN","MOE","PIJN",0.025,0.58
"P13","MOE__to__MOE","MOE","MOE",0.272,0
"P13","MOE__to__STRESS","MOE","STRESS",-0.075,0.076
"P13","MOE__to__ENMO_log","MOE","ENMO_log",-0.063,0.226
"P13","STRESS__to__PIJN","STRESS","PIJN",0.08,0.028
"P13","STRESS__to__MOE","STRESS","MOE",0.052,0.106
"P13","STRESS__to__STRESS","STRESS","STRESS",0.334,0
"P13","STRESS__to__ENMO_log","STRESS","ENMO_log",0.065,0.184
"P13","ENMO_log__to__PIJN","ENMO_log","PIJN",-0.032,0.507
"P13","ENMO_log__to__MOE","ENMO_log","MOE",-0.126,0.023
"P13","ENMO_log__to__STRESS","ENMO_log","STRESS",0.029,0.347
"P13","ENMO_log__to__ENMO_log","ENMO_log","ENMO_log",0.15,0.008
"P14","PIJN__to__PIJN","PIJN","PIJN",0.353,0
"P14","PIJN__to__MOE","PIJN","MOE",0.048,0.31
"P14","PIJN__to__STRESS","PIJN","STRESS",0.032,0.57
"P14","PIJN__to__ENMO_log","PIJN","ENMO_log",0.004,0.939
"P14","MOE__to__PIJN","MOE","PIJN",0.003,0.942
"P14","MOE__to__MOE","MOE","MOE",0.282,0
"P14","MOE__to__STRESS","MOE","STRESS",-0.075,0.062
"P14","MOE__to__ENMO_log","MOE","ENMO_log",-0.052,0.297
"P14","STRESS__to__PIJN","STRESS","PIJN",0.082,0.03
"P14","STRESS__to__MOE","STRESS","MOE",0.053,0.113
"P14","STRESS__to__STRESS","STRESS","STRESS",0.327,0
"P14","STRESS__to__ENMO_log","STRESS","ENMO_log",0.073,0.141
"P14","ENMO_log__to__PIJN","ENMO_log","PIJN",-0.052,0.332
"P14","ENMO_log__to__MOE","ENMO_log","MOE",-0.126,0.021
"P14","ENMO_log__to__STRESS","ENMO_log","STRESS",0.03,0.316
"P14","ENMO_log__to__ENMO_log","ENMO_log","ENMO_log",0.161,0.004
"P15","PIJN__to__PIJN","PIJN","PIJN",0.365,0
"P15","PIJN__to__MOE","PIJN","MOE",0.067,0.189
"P15","PIJN__to__STRESS","PIJN","STRESS",0.029,0.601
"P15","PIJN__to__ENMO_log","PIJN","ENMO_log",-0.011,0.82
"P15","MOE__to__PIJN","MOE","PIJN",0.007,0.87
"P15","MOE__to__MOE","MOE","MOE",0.277,0
"P15","MOE__to__STRESS","MOE","STRESS",-0.077,0.052
"P15","MOE__to__ENMO_log","MOE","ENMO_log",-0.065,0.189
"P15","STRESS__to__PIJN","STRESS","PIJN",0.085,0.025
"P15","STRESS__to__MOE","STRESS","MOE",0.058,0.089
"P15","STRESS__to__STRESS","STRESS","STRESS",0.331,0
"P15","STRESS__to__ENMO_log","STRESS","ENMO_log",0.058,0.243
"P15","ENMO_log__to__PIJN","ENMO_log","PIJN",-0.055,0.309
"P15","ENMO_log__to__MOE","ENMO_log","MOE",-0.125,0.023
"P15","ENMO_log__to__STRESS","ENMO_log","STRESS",0.024,0.424
"P15","ENMO_log__to__ENMO_log","ENMO_log","ENMO_log",0.156,0.005
"P16","PIJN__to__PIJN","PIJN","PIJN",0.364,0
"P16","PIJN__to__MOE","PIJN","MOE",0.068,0.173
"P16","PIJN__to__STRESS","PIJN","STRESS",0.03,0.593
"P16","PIJN__to__ENMO_log","PIJN","ENMO_log",-0.002,0.967
"P16","MOE__to__PIJN","MOE","PIJN",-0.009,0.823
"P16","MOE__to__MOE","MOE","MOE",0.273,0
"P16","MOE__to__STRESS","MOE","STRESS",-0.081,0.04
"P16","MOE__to__ENMO_log","MOE","ENMO_log",-0.064,0.203
"P16","STRESS__to__PIJN","STRESS","PIJN",0.085,0.02
"P16","STRESS__to__MOE","STRESS","MOE",0.056,0.091
"P16","STRESS__to__STRESS","STRESS","STRESS",0.335,0
"P16","STRESS__to__ENMO_log","STRESS","ENMO_log",0.071,0.147
"P16","ENMO_log__to__PIJN","ENMO_log","PIJN",-0.053,0.332
"P16","ENMO_log__to__MOE","ENMO_log","MOE",-0.097,0.019
"P16","ENMO_log__to__STRESS","ENMO_log","STRESS",0.026,0.39
"P16","ENMO_log__to__ENMO_log","ENMO_log","ENMO_log",0.152,0.007
"P17","PIJN__to__PIJN","PIJN","PIJN",0.344,0
"P17","PIJN__to__MOE","PIJN","MOE",0.047,0.355
"P17","PIJN__to__STRESS","PIJN","STRESS",0.025,0.67
"P17","PIJN__to__ENMO_log","PIJN","ENMO_log",0,0.997
"P17","MOE__to__PIJN","MOE","PIJN",0.025,0.586
"P17","MOE__to__MOE","MOE","MOE",0.301,0
"P17","MOE__to__STRESS","MOE","STRESS",-0.046,0.224
"P17","MOE__to__ENMO_log","MOE","ENMO_log",-0.055,0.295
"P17","STRESS__to__PIJN","STRESS","PIJN",0.095,0.012
"P17","STRESS__to__MOE","STRESS","MOE",0.07,0.031
"P17","STRESS__to__STRESS","STRESS","STRESS",0.316,0
"P17","STRESS__to__ENMO_log","STRESS","ENMO_log",0.097,0.035
"P17","ENMO_log__to__PIJN","ENMO_log","PIJN",-0.061,0.268
"P17","ENMO_log__to__MOE","ENMO_log","MOE",-0.141,0.011
"P17","ENMO_log__to__STRESS","ENMO_log","STRESS",0.03,0.31
"P17","ENMO_log__to__ENMO_log","ENMO_log","ENMO_log",0.148,0.008
"P18","PIJN__to__PIJN","PIJN","PIJN",0.364,0
"P18","PIJN__to__MOE","PIJN","MOE",0.072,0.149
"P18","PIJN__to__STRESS","PIJN","STRESS",0.049,0.32
"P18","PIJN__to__ENMO_log","PIJN","ENMO_log",-0.015,0.767
"P18","MOE__to__PIJN","MOE","PIJN",0.008,0.854
"P18","MOE__to__MOE","MOE","MOE",0.282,0
"P18","MOE__to__STRESS","MOE","STRESS",-0.065,0.091
"P18","MOE__to__ENMO_log","MOE","ENMO_log",-0.061,0.22
"P18","STRESS__to__PIJN","STRESS","PIJN",0.085,0.024
"P18","STRESS__to__MOE","STRESS","MOE",0.052,0.113
"P18","STRESS__to__STRESS","STRESS","STRESS",0.348,0
"P18","STRESS__to__ENMO_log","STRESS","ENMO_log",0.056,0.25
"P18","ENMO_log__to__PIJN","ENMO_log","PIJN",-0.063,0.25
"P18","ENMO_log__to__MOE","ENMO_log","MOE",-0.14,0.011
"P18","ENMO_log__to__STRESS","ENMO_log","STRESS",0.031,0.289
"P18","ENMO_log__to__ENMO_log","ENMO_log","ENMO_log",0.154,0.006
"P19","PIJN__to__PIJN","PIJN","PIJN",0.359,0
"P19","PIJN__to__MOE","PIJN","MOE",0.062,0.226
"P19","PIJN__to__STRESS","PIJN","STRESS",0.031,0.578
"P19","PIJN__to__ENMO_log","PIJN","ENMO_log",-0.005,0.917
"P19","MOE__to__PIJN","MOE","PIJN",0.01,0.821
"P19","MOE__to__MOE","MOE","MOE",0.284,0
"P19","MOE__to__STRESS","MOE","STRESS",-0.07,0.072
"P19","MOE__to__ENMO_log","MOE","ENMO_log",-0.058,0.235
"P19","STRESS__to__PIJN","STRESS","PIJN",0.079,0.035
"P19","STRESS__to__MOE","STRESS","MOE",0.054,0.111
"P19","STRESS__to__STRESS","STRESS","STRESS",0.334,0
"P19","STRESS__to__ENMO_log","STRESS","ENMO_log",0.064,0.202
"P19","ENMO_log__to__PIJN","ENMO_log","PIJN",-0.061,0.272
"P19","ENMO_log__to__MOE","ENMO_log","MOE",-0.137,0.016
"P19","ENMO_log__to__STRESS","ENMO_log","STRESS",0.029,0.343
"P19","ENMO_log__to__ENMO_log","ENMO_log","ENMO_log",0.15,0.008
"P20","PIJN__to__PIJN","PIJN","PIJN",0.346,0
"P20","PIJN__to__MOE","PIJN","MOE",0.039,0.384
"P20","PIJN__to__STRESS","PIJN","STRESS",0.024,0.644
"P20","PIJN__to__ENMO_log","PIJN","ENMO_log",-0.009,0.848
"P20","MOE__to__PIJN","MOE","PIJN",0.011,0.813
"P20","MOE__to__MOE","MOE","MOE",0.292,0
"P20","MOE__to__STRESS","MOE","STRESS",-0.071,0.071
"P20","MOE__to__ENMO_log","MOE","ENMO_log",-0.054,0.271
"P20","STRESS__to__PIJN","STRESS","PIJN",0.081,0.034
"P20","STRESS__to__MOE","STRESS","MOE",0.047,0.16
"P20","STRESS__to__STRESS","STRESS","STRESS",0.333,0
"P20","STRESS__to__ENMO_log","STRESS","ENMO_log",0.062,0.209
"P20","ENMO_log__to__PIJN","ENMO_log","PIJN",-0.066,0.253
"P20","ENMO_log__to__MOE","ENMO_log","MOE",-0.149,0.008
"P20","ENMO_log__to__STRESS","ENMO_log","STRESS",0.031,0.319
"P20","ENMO_log__to__ENMO_log","ENMO_log","ENMO_log",0.137,0.012
"P21","PIJN__to__PIJN","PIJN","PIJN",0.369,0
"P21","PIJN__to__MOE","PIJN","MOE",0.066,0.199
"P21","PIJN__to__STRESS","PIJN","STRESS",0.033,0.551
"P21","PIJN__to__ENMO_log","PIJN","ENMO_log",-0.004,0.931
"P21","MOE__to__PIJN","MOE","PIJN",0.009,0.831
"P21","MOE__to__MOE","MOE","MOE",0.286,0
"P21","MOE__to__STRESS","MOE","STRESS",-0.07,0.079
"P21","MOE__to__ENMO_log","MOE","ENMO_log",-0.063,0.2
"P21","STRESS__to__PIJN","STRESS","PIJN",0.075,0.039
"P21","STRESS__to__MOE","STRESS","MOE",0.052,0.12
"P21","STRESS__to__STRESS","STRESS","STRESS",0.339,0
"P21","STRESS__to__ENMO_log","STRESS","ENMO_log",0.07,0.16
"P21","ENMO_log__to__PIJN","ENMO_log","PIJN",-0.061,0.258
"P21","ENMO_log__to__MOE","ENMO_log","MOE",-0.13,0.02
"P21","ENMO_log__to__STRESS","ENMO_log","STRESS",0.033,0.274
"P21","ENMO_log__to__ENMO_log","ENMO_log","ENMO_log",0.151,0.007
"P22","PIJN__to__PIJN","PIJN","PIJN",0.364,0
"P22","PIJN__to__MOE","PIJN","MOE",0.064,0.2
"P22","PIJN__to__STRESS","PIJN","STRESS",0.034,0.528
"P22","PIJN__to__ENMO_log","PIJN","ENMO_log",-0.001,0.979
"P22","MOE__to__PIJN","MOE","PIJN",0.013,0.777
"P22","MOE__to__MOE","MOE","MOE",0.291,0
"P22","MOE__to__STRESS","MOE","STRESS",-0.074,0.068
"P22","MOE__to__ENMO_log","MOE","ENMO_log",-0.066,0.195
"P22","STRESS__to__PIJN","STRESS","PIJN",0.08,0.028
"P22","STRESS__to__MOE","STRESS","MOE",0.052,0.107
"P22","STRESS__to__STRESS","STRESS","STRESS",0.334,0
"P22","STRESS__to__ENMO_log","STRESS","ENMO_log",0.065,0.195
"P22","ENMO_log__to__PIJN","ENMO_log","PIJN",-0.058,0.277
"P22","ENMO_log__to__MOE","ENMO_log","MOE",-0.13,0.017
"P22","ENMO_log__to__STRESS","ENMO_log","STRESS",0.027,0.363
"P22","ENMO_log__to__ENMO_log","ENMO_log","ENMO_log",0.158,0.006
"P23","PIJN__to__PIJN","PIJN","PIJN",0.369,0
"P23","PIJN__to__MOE","PIJN","MOE",0.064,0.211
"P23","PIJN__to__STRESS","PIJN","STRESS",0.033,0.562
"P23","PIJN__to__ENMO_log","PIJN","ENMO_log",-0.011,0.834
"P23","MOE__to__PIJN","MOE","PIJN",0,0.997
"P23","MOE__to__MOE","MOE","MOE",0.276,0
"P23","MOE__to__STRESS","MOE","STRESS",-0.075,0.07
"P23","MOE__to__ENMO_log","MOE","ENMO_log",-0.046,0.386
"P23","STRESS__to__PIJN","STRESS","PIJN",0.069,0.054
"P23","STRESS__to__MOE","STRESS","MOE",0.048,0.149
"P23","STRESS__to__STRESS","STRESS","STRESS",0.321,0
"P23","STRESS__to__ENMO_log","STRESS","ENMO_log",0.067,0.199
"P23","ENMO_log__to__PIJN","ENMO_log","PIJN",-0.05,0.352
"P23","ENMO_log__to__MOE","ENMO_log","MOE",-0.129,0.018
"P23","ENMO_log__to__STRESS","ENMO_log","STRESS",0.038,0.202
"P23","ENMO_log__to__ENMO_log","ENMO_log","ENMO_log",0.17,0.003
"P24","PIJN__to__PIJN","PIJN","PIJN",0.346,0
"P24","PIJN__to__MOE","PIJN","MOE",0.065,0.206
"P24","PIJN__to__STRESS","PIJN","STRESS",0.02,0.707
"P24","PIJN__to__ENMO_log","PIJN","ENMO_log",0.007,0.89
"P24","MOE__to__PIJN","MOE","PIJN",0.02,0.665
"P24","MOE__to__MOE","MOE","MOE",0.271,0
"P24","MOE__to__STRESS","MOE","STRESS",-0.077,0.069
"P24","MOE__to__ENMO_log","MOE","ENMO_log",-0.052,0.32
"P24","STRESS__to__PIJN","STRESS","PIJN",0.092,0.017
"P24","STRESS__to__MOE","STRESS","MOE",0.064,0.062
"P24","STRESS__to__STRESS","STRESS","STRESS",0.336,0
"P24","STRESS__to__ENMO_log","STRESS","ENMO_log",0.056,0.27
"P24","ENMO_log__to__PIJN","ENMO_log","PIJN",-0.057,0.311
"P24","ENMO_log__to__MOE","ENMO_log","MOE",-0.127,0.023
"P24","ENMO_log__to__STRESS","ENMO_log","STRESS",0.026,0.388
"P24","ENMO_log__to__ENMO_log","ENMO_log","ENMO_log",0.147,0.009
"P25","PIJN__to__PIJN","PIJN","PIJN",0.381,0
"P25","PIJN__to__MOE","PIJN","MOE",0.071,0.159
"P25","PIJN__to__STRESS","PIJN","STRESS",0.023,0.681
"P25","PIJN__to__ENMO_log","PIJN","ENMO_log",-0.004,0.944
"P25","MOE__to__PIJN","MOE","PIJN",0.017,0.698
"P25","MOE__to__MOE","MOE","MOE",0.282,0
"P25","MOE__to__STRESS","MOE","STRESS",-0.064,0.109
"P25","MOE__to__ENMO_log","MOE","ENMO_log",-0.06,0.232
"P25","STRESS__to__PIJN","STRESS","PIJN",0.084,0.024
"P25","STRESS__to__MOE","STRESS","MOE",0.054,0.1
"P25","STRESS__to__STRESS","STRESS","STRESS",0.34,0
"P25","STRESS__to__ENMO_log","STRESS","ENMO_log",0.072,0.149
"P25","ENMO_log__to__PIJN","ENMO_log","PIJN",-0.046,0.388
"P25","ENMO_log__to__MOE","ENMO_log","MOE",-0.126,0.023
"P25","ENMO_log__to__STRESS","ENMO_log","STRESS",0.034,0.26
"P25","ENMO_log__to__ENMO_log","ENMO_log","ENMO_log",0.155,0.006
"P26","PIJN__to__PIJN","PIJN","PIJN",0.344,0
"P26","PIJN__to__MOE","PIJN","MOE",0.08,0.118
"P26","PIJN__to__STRESS","PIJN","STRESS",0.035,0.532
"P26","PIJN__to__ENMO_log","PIJN","ENMO_log",0.002,0.965
"P26","MOE__to__PIJN","MOE","PIJN",0.023,0.626
"P26","MOE__to__MOE","MOE","MOE",0.271,0
"P26","MOE__to__STRESS","MOE","STRESS",-0.077,0.057
"P26","MOE__to__ENMO_log","MOE","ENMO_log",-0.06,0.229
"P26","STRESS__to__PIJN","STRESS","PIJN",0.081,0.029
"P26","STRESS__to__MOE","STRESS","MOE",0.05,0.132
"P26","STRESS__to__STRESS","STRESS","STRESS",0.331,0
"P26","STRESS__to__ENMO_log","STRESS","ENMO_log",0.065,0.182
"P26","ENMO_log__to__PIJN","ENMO_log","PIJN",-0.056,0.311
"P26","ENMO_log__to__MOE","ENMO_log","MOE",-0.127,0.022
"P26","ENMO_log__to__STRESS","ENMO_log","STRESS",0.029,0.336
"P26","ENMO_log__to__ENMO_log","ENMO_log","ENMO_log",0.157,0.005
"P27","PIJN__to__PIJN","PIJN","PIJN",0.378,0
"P27","PIJN__to__MOE","PIJN","MOE",0.072,0.155
"P27","PIJN__to__STRESS","PIJN","STRESS",0.054,0.275
"P27","PIJN__to__ENMO_log","PIJN","ENMO_log",0.008,0.881
"P27","MOE__to__PIJN","MOE","PIJN",0.021,0.626
"P27","MOE__to__MOE","MOE","MOE",0.294,0
"P27","MOE__to__STRESS","MOE","STRESS",-0.063,0.106
"P27","MOE__to__ENMO_log","MOE","ENMO_log",-0.06,0.238
"P27","STRESS__to__PIJN","STRESS","PIJN",0.086,0.027
"P27","STRESS__to__MOE","STRESS","MOE",0.042,0.211
"P27","STRESS__to__STRESS","STRESS","STRESS",0.329,0
"P27","STRESS__to__ENMO_log","STRESS","ENMO_log",0.063,0.217
"P27","ENMO_log__to__PIJN","ENMO_log","PIJN",-0.059,0.279
"P27","ENMO_log__to__MOE","ENMO_log","MOE",-0.13,0.019
"P27","ENMO_log__to__STRESS","ENMO_log","STRESS",0.036,0.219
"P27","ENMO_log__to__ENMO_log","ENMO_log","ENMO_log",0.155,0.006
"P28","PIJN__to__PIJN","PIJN","PIJN",0.371,0
"P28","PIJN__to__MOE","PIJN","MOE",0.066,0.19
"P28","PIJN__to__STRESS","PIJN","STRESS",0.039,0.494
"P28","PIJN__to__ENMO_log","PIJN","ENMO_log",-0.004,0.933
"P28","MOE__to__PIJN","MOE","PIJN",0.016,0.721
"P28","MOE__to__MOE","MOE","MOE",0.287,0
"P28","MOE__to__STRESS","MOE","STRESS",-0.077,0.058
"P28","MOE__to__ENMO_log","MOE","ENMO_log",-0.062,0.214
"P28","STRESS__to__PIJN","STRESS","PIJN",0.075,0.038
"P28","STRESS__to__MOE","STRESS","MOE",0.049,0.128
"P28","STRESS__to__STRESS","STRESS","STRESS",0.33,0
"P28","STRESS__to__ENMO_log","STRESS","ENMO_log",0.054,0.263
"P28","ENMO_log__to__PIJN","ENMO_log","PIJN",-0.058,0.284
"P28","ENMO_log__to__MOE","ENMO_log","MOE",-0.135,0.015
"P28","ENMO_log__to__STRESS","ENMO_log","STRESS",0.026,0.406
"P28","ENMO_log__to__ENMO_log","ENMO_log","ENMO_log",0.164,0.004
"P29","PIJN__to__PIJN","PIJN","PIJN",0.362,0
"P29","PIJN__to__MOE","PIJN","MOE",0.052,0.29
"P29","PIJN__to__STRESS","PIJN","STRESS",0.035,0.54
"P29","PIJN__to__ENMO_log","PIJN","ENMO_log",-0.012,0.814
"P29","MOE__to__PIJN","MOE","PIJN",0.026,0.56
"P29","MOE__to__MOE","MOE","MOE",0.278,0
"P29","MOE__to__STRESS","MOE","STRESS",-0.083,0.041
"P29","MOE__to__ENMO_log","MOE","ENMO_log",-0.044,0.387
"P29","STRESS__to__PIJN","STRESS","PIJN",0.082,0.027
"P29","STRESS__to__MOE","STRESS","MOE",0.067,0.037
"P29","STRESS__to__STRESS","STRESS","STRESS",0.336,0
"P29","STRESS__to__ENMO_log","STRESS","ENMO_log",0.062,0.213
"P29","ENMO_log__to__PIJN","ENMO_log","PIJN",-0.052,0.342
"P29","ENMO_log__to__MOE","ENMO_log","MOE",-0.117,0.029
"P29","ENMO_log__to__STRESS","ENMO_log","STRESS",0.029,0.337
"P29","ENMO_log__to__ENMO_log","ENMO_log","ENMO_log",0.156,0.006
"P30","PIJN__to__PIJN","PIJN","PIJN",0.366,0
"P30","PIJN__to__MOE","PIJN","MOE",0.056,0.247
"P30","PIJN__to__STRESS","PIJN","STRESS",0.019,0.712
"P30","PIJN__to__ENMO_log","PIJN","ENMO_log",-0.008,0.868
"P30","MOE__to__PIJN","MOE","PIJN",0.021,0.651
"P30","MOE__to__MOE","MOE","MOE",0.289,0
"P30","MOE__to__STRESS","MOE","STRESS",-0.075,0.062
"P30","MOE__to__ENMO_log","MOE","ENMO_log",-0.06,0.228
"P30","STRESS__to__PIJN","STRESS","PIJN",0.065,0.069
"P30","STRESS__to__MOE","STRESS","MOE",0.045,0.17
"P30","STRESS__to__STRESS","STRESS","STRESS",0.347,0
"P30","STRESS__to__ENMO_log","STRESS","ENMO_log",0.076,0.127
"P30","ENMO_log__to__PIJN","ENMO_log","PIJN",-0.065,0.242
"P30","ENMO_log__to__MOE","ENMO_log","MOE",-0.135,0.014
"P30","ENMO_log__to__STRESS","ENMO_log","STRESS",0.029,0.319
"P30","ENMO_log__to__ENMO_log","ENMO_log","ENMO_log",0.153,0.006
"P31","PIJN__to__PIJN","PIJN","PIJN",0.369,0
"P31","PIJN__to__MOE","PIJN","MOE",0.073,0.137
"P31","PIJN__to__STRESS","PIJN","STRESS",0.037,0.507
"P31","PIJN__to__ENMO_log","PIJN","ENMO_log",-0.013,0.801
"P31","MOE__to__PIJN","MOE","PIJN",0.008,0.856
"P31","MOE__to__MOE","MOE","MOE",0.287,0
"P31","MOE__to__STRESS","MOE","STRESS",-0.079,0.046
"P31","MOE__to__ENMO_log","MOE","ENMO_log",-0.054,0.29
"P31","STRESS__to__PIJN","STRESS","PIJN",0.089,0.014
"P31","STRESS__to__MOE","STRESS","MOE",0.053,0.107
"P31","STRESS__to__STRESS","STRESS","STRESS",0.35,0
"P31","STRESS__to__ENMO_log","STRESS","ENMO_log",0.064,0.202
"P31","ENMO_log__to__PIJN","ENMO_log","PIJN",-0.063,0.23
"P31","ENMO_log__to__MOE","ENMO_log","MOE",-0.127,0.017
"P31","ENMO_log__to__STRESS","ENMO_log","STRESS",0.023,0.427
"P31","ENMO_log__to__ENMO_log","ENMO_log","ENMO_log",0.162,0.003
"P32","PIJN__to__PIJN","PIJN","PIJN",0.373,0
"P32","PIJN__to__MOE","PIJN","MOE",0.066,0.199
"P32","PIJN__to__STRESS","PIJN","STRESS",0.047,0.392
"P32","PIJN__to__ENMO_log","PIJN","ENMO_log",-0.003,0.958
"P32","MOE__to__PIJN","MOE","PIJN",0.005,0.91
"P32","MOE__to__MOE","MOE","MOE",0.294,0
"P32","MOE__to__STRESS","MOE","STRESS",-0.076,0.066
"P32","MOE__to__ENMO_log","MOE","ENMO_log",-0.064,0.207
"P32","STRESS__to__PIJN","STRESS","PIJN",0.087,0.021
"P32","STRESS__to__MOE","STRESS","MOE",0.058,0.077
"P32","STRESS__to__STRESS","STRESS","STRESS",0.336,0
"P32","STRESS__to__ENMO_log","STRESS","ENMO_log",0.065,0.194
"P32","ENMO_log__to__PIJN","ENMO_log","PIJN",-0.048,0.372
"P32","ENMO_log__to__MOE","ENMO_log","MOE",-0.123,0.024
"P32","ENMO_log__to__STRESS","ENMO_log","STRESS",0.029,0.344
"P32","ENMO_log__to__ENMO_log","ENMO_log","ENMO_log",0.159,0.005
"P33","PIJN__to__PIJN","PIJN","PIJN",0.349,0
"P33","PIJN__to__MOE","PIJN","MOE",0.062,0.231
"P33","PIJN__to__STRESS","PIJN","STRESS",0.047,0.401
"P33","PIJN__to__ENMO_log","PIJN","ENMO_log",0,0.998
"P33","MOE__to__PIJN","MOE","PIJN",0.014,0.749
"P33","MOE__to__MOE","MOE","MOE",0.284,0
"P33","MOE__to__STRESS","MOE","STRESS",-0.072,0.071
"P33","MOE__to__ENMO_log","MOE","ENMO_log",-0.058,0.242
"P33","STRESS__to__PIJN","STRESS","PIJN",0.097,0.006
"P33","STRESS__to__MOE","STRESS","MOE",0.059,0.087
"P33","STRESS__to__STRESS","STRESS","STRESS",0.316,0
"P33","STRESS__to__ENMO_log","STRESS","ENMO_log",0.067,0.192
"P33","ENMO_log__to__PIJN","ENMO_log","PIJN",-0.062,0.264
"P33","ENMO_log__to__MOE","ENMO_log","MOE",-0.139,0.013
"P33","ENMO_log__to__STRESS","ENMO_log","STRESS",0.028,0.356
"P33","ENMO_log__to__ENMO_log","ENMO_log","ENMO_log",0.156,0.006
"P34","PIJN__to__PIJN","PIJN","PIJN",0.377,0
"P34","PIJN__to__MOE","PIJN","MOE",0.084,0.094
"P34","PIJN__to__STRESS","PIJN","STRESS",0.048,0.395
"P34","PIJN__to__ENMO_log","PIJN","ENMO_log",-0.008,0.87
"P34","MOE__to__PIJN","MOE","PIJN",0.002,0.972
"P34","MOE__to__MOE","MOE","MOE",0.279,0
"P34","MOE__to__STRESS","MOE","STRESS",-0.086,0.024
"P34","MOE__to__ENMO_log","MOE","ENMO_log",-0.059,0.233
"P34","STRESS__to__PIJN","STRESS","PIJN",0.071,0.05
"P34","STRESS__to__MOE","STRESS","MOE",0.041,0.218
"P34","STRESS__to__STRESS","STRESS","STRESS",0.331,0
"P34","STRESS__to__ENMO_log","STRESS","ENMO_log",0.07,0.165
"P34","ENMO_log__to__PIJN","ENMO_log","PIJN",-0.035,0.478
"P34","ENMO_log__to__MOE","ENMO_log","MOE",-0.135,0.016
"P34","ENMO_log__to__STRESS","ENMO_log","STRESS",0.025,0.396
"P34","ENMO_log__to__ENMO_log","ENMO_log","ENMO_log",0.16,0.005
